-0.07664727,0.32293665
-0.07457914,0.32305336
-0.07250989,0.32314771
-0.07043927,0.32320135
-0.0683679,0.32320383
-0.06629704,0.3231569
-0.06422766,0.32306714
-0.06216027,0.32293864
-0.06009549,0.32277289
-0.05803406,0.3225699
-0.05597685,0.32232905
-0.0539246,0.32204759
-0.05187894,0.32172231
-0.0498411,0.32135147
-0.04781157,0.32093717
-0.04579074,0.32048253
-0.04377872,0.31999026
-0.04177527,0.31946373
-0.03978051,0.31890579
-0.03779357,0.31832028
-0.03581482,0.31770784
-0.0338465,0.31706249
-0.0318911,0.31637928
-0.02995072,0.31565423
-0.02802722,0.31488547
-0.02612086,0.3140755
-0.02423076,0.31322816
-0.0223563,0.31234643
-0.02049587,0.31143589
-0.01864724,0.31050127
-0.01681015,0.3095443
-0.01498362,0.30856722
-0.01316627,0.30757338
-0.01135811,0.30656277
-0.00955901,0.30553628
-0.00776873,0.30449427
-0.00598751,0.30343698
-0.00421536,0.30236455
-0.00245264,0.30127673
-0.00069886,0.30017437
0.0010435,0.29905414
0.00277469,0.29791678
0.00449408,0.29676154
0.00620043,0.29558718
0.0078935,0.29439383
0.00957441,0.29318334
0.01124302,0.29195609
0.01289984,0.29071282
0.01454474,0.28945379
0.01617759,0.28817924
0.01780002,0.28689153
0.01941313,0.28559202
0.02101781,0.28428209
0.02261404,0.28296197
0.02420381,0.28163403
0.02578751,0.2802989
0.02736834,0.27896041
0.02894309,0.27761459
0.03051487,0.2762653
0.03208366,0.27491266
0.03364786,0.2735548
0.03520933,0.27219371
0.03676819,0.27082965
0.03832395,0.26946198
0.03987486,0.26808885
0.04142528,0.2667151
0.04297272,0.26533812
0.04451656,0.26395717
0.04605742,0.26257262
0.04759567,0.26118534
0.04913405,0.25979831
0.05067466,0.25841351
0.05221514,0.25702871
0.05375563,0.25564403
0.05551016,0.25455149
0.05729721,0.25350401
0.05908352,0.2524553
0.06086896,0.25140521
0.06265452,0.25035501
0.06443996,0.2493048
0.06622528,0.24825434
0.06801059,0.24720401
0.06979591,0.24615355
0.07158209,0.24510446
0.07336828,0.24405562
0.07515459,0.24300678
0.07694102,0.24195831
0.07872845,0.24091146
0.080516,0.23986472
0.08230342,0.23881799
0.08409097,0.23777114
0.0858784,0.23672441
0.08766582,0.23567768
0.08945337,0.23463094
0.0912408,0.23358409
0.0930286,0.23253785
0.09481739,0.23149323
0.09660606,0.23044861
0.09839485,0.22940399
0.10018352,0.22835937
0.10197231,0.22731475
0.10376098,0.22627013
0.10554977,0.22522551
0.10733844,0.22418089
0.10912723,0.22313627
0.1109159,0.22209165
0.11270506,0.22104777
0.11449485,0.22000501
0.11628476,0.21896225
0.11807454,0.21791937
0.11986433,0.21687661
0.12165411,0.21583373
0.1234439,0.21479097
0.12523368,0.21374809
0.12702347,0.21270533
0.12881325,0.21166257
0.13060304,0.21061969
0.13239282,0.20957693
0.13418261,0.20853405
0.13597239,0.20749129
0.13776218,0.20644841
0.13955196,0.20540565
0.14134175,0.20436289
0.14313191,0.20332063
0.14492244,0.20227911
0.14671297,0.2012376
0.1485035,0.20019608
0.15029403,0.19915444
0.15208456,0.19811292
0.15387509,0.1970714
0.15566549,0.19602976
0.15745602,0.19498825
0.15924655,0.19394673
0.16103708,0.19290521
0.16282761,0.19186357
0.16461814,0.19082206
0.16640867,0.18978054
0.1681992,0.18873902
0.16998973,0.18769738
0.17178026,0.18665586
0.17357079,0.18561447
0.17536219,0.18457432
0.17715359,0.18353417
0.17894486,0.18249402
0.18073626,0.18145387
0.18252754,0.18041372
0.18431894,0.17937369
0.18611021,0.17833354
0.18790161,0.17729339
0.18969289,0.17625323
0.19148429,0.17521308
0.19327568,0.17417306
0.19506696,0.17313291
0.19685836,0.17209275
0.19864963,0.1710526
0.20044103,0.17001245
0.20223243,0.1689723
0.20402408,0.16793277
0.20581647,0.16689448
0.20760899,0.16585619
0.20940138,0.1648179
0.21119377,0.16377961
0.21298617,0.16274133
0.21477893,0.16170366
0.21657207,0.16066661
0.21839649,0.15969238
0.22030385,0.15888465
0.22221046,0.15807492
0.22411521,0.15726061
0.2260186,0.15644356
0.22792124,0.15562465
0.22982276,0.154803
0.23172304,0.1539785
0.23362307,0.15315339
0.23552013,0.15232144
0.23741718,0.15148962
0.23931212,0.15065308
0.2412052,0.14981231
0.2430953,0.14896472
0.24498217,0.14811006
0.24686632,0.14724931
0.24874661,0.14638024
0.2506228,0.14550235
0.25249403,0.14461416
0.25436092,0.14371654
0.25622283,0.14280874
0.25807954,0.14189025
0.2599314,0.14096221
0.26177817,0.14002424
0.26362022,0.13907671
0.26545744,0.13811999
0.26728993,0.1371542
0.26911808,0.1361801
0.27094163,0.13519768
0.27276084,0.13420694
0.27457546,0.13320801
0.27638548,0.13220076
0.27819066,0.13118482
0.27999087,0.13016018
0.28178575,0.12912624
0.28357491,0.12808237
0.28535812,0.12702818
0.28713449,0.12596295
0.2889033,0.12488481
0.29066329,0.12379252
0.29241483,0.12268669
0.29415533,0.1215636
0.2958854,0.12042438
0.29760392,0.11926802
0.29931002,0.11809329
0.30100471,0.11690217
0.30268573,0.11569193
0.30435571,0.11446642
0.30601303,0.11322377
0.30765942,0.11196673
0.30929587,0.11069677
0.31092103,0.10941241
0.31253651,0.10811601
0.31414267,0.10680781
0.31573878,0.10548757
0.31732433,0.10415467
0.31889995,0.10280984
0.32046514,0.10145323
0.32201743,0.10008159
0.32355766,0.09869654
0.32508437,0.09729672
0.32659444,0.09587865
0.32808762,0.09444307
0.32956367,0.09298986
0.33102321,0.09152002
0.33246736,0.09003503
0.33389859,0.0885375
0.33531914,0.08703004
0.33673188,0.085515
0.33810836,0.08251225
0.33838932,0.08045988
0.33866953,0.07840751
0.33894713,0.07635477
0.33922474,0.07430203
0.33949887,0.07224879
0.33976977,0.07019518
0.34004067,0.0681417
0.34030536,0.06608709
0.34056584,0.06403212
0.34082221,0.06197665
0.34107312,0.05992056
0.34131758,0.05786359
0.34155645,0.05580601
0.34178949,0.05374768
0.34201495,0.05168861
0.34223172,0.04962855
0.34244141,0.04756774
0.34264366,0.0455063
0.34283609,0.04344388
0.34301785,0.04138034
0.34319067,0.03931618
0.34335468,0.03725127
0.34350751,0.03518549
0.34364966,0.03311897
0.34378325,0.03105195
0.3439084,0.02898419
0.34402262,0.02691593
0.34412728,0.0248473
0.344224,0.02277817
0.34431276,0.02070854
0.34439086,0.01863867
0.34446038,0.01656842
0.34452233,0.01449793
0.34457696,0.01242719
0.34462116,0.01035632
0.34465766,0.00828521
0.34468733,0.00621397
0.34471018,0.00414285
0.34472284,0.00207136
0.3447288,0
0.3447283,-0.00207149
0.34472147,-0.00414285
0.34470546,-0.00621421
0.34468311,-0.00828545
0.34465418,-0.01035682
0.3446183,-0.01242781
0.34457249,-0.0144988
0.34451973,-0.01656954
0.34446013,-0.01864016
0.34439259,-0.02071041
0.34431487,-0.0227804
0.34422983,-0.0248499
0.34413721,-0.02691928
0.34403566,-0.02898816
0.34392379,-0.03105679
0.34380411,-0.03312468
0.34367648,-0.03519207
0.34353892,-0.03725897
0.34339068,-0.03932511
0.343234,-0.04139052
0.34306888,-0.04345543
0.34289295,-0.04551934
0.34270586,-0.04758226
0.34250994,-0.04964444
0.34230522,-0.05170574
0.34208981,-0.05376581
0.34186472,-0.05582501
0.34163218,-0.05788321
0.34139232,-0.05994067
0.34114364,-0.06199713
0.34088764,-0.06405273
0.3406258,-0.06610758
0.3403585,-0.06816156
0.3400845,-0.07021492
0.33980528,-0.07226729
0.33952184,-0.07431929
0.3392343,-0.07637066
0.33894043,-0.07842117
0.33864656,-0.08047155
0.33834959,-0.08252168
0.33804901,-0.08457107
0.33774832,-0.08662071
0.33744501,-0.08866972
0.33714096,-0.09071874
0.33672592,-0.09271611
0.33535738,-0.09427124
0.33398736,-0.09582477
0.33260988,-0.09737183
0.33122074,-0.09890847
0.3298121,-0.10042723
0.32838236,-0.10192588
0.3269299,-0.10340267
0.3254541,-0.10485613
0.32395669,-0.10628736
0.32244215,-0.10770059
0.32091346,-0.10909843
0.31936999,-0.11047975
0.31781498,-0.11184828
0.31624942,-0.11320453
0.31467268,-0.11454774
0.31308551,-0.11587903
0.31148915,-0.11719889
0.30988299,-0.11850709
0.30826627,-0.11980188
0.30663938,-0.12108425
0.30499969,-0.12234986
0.30334623,-0.12359772
0.3016796,-0.1248277
0.29999808,-0.12603732
0.29830401,-0.12722931
0.2965953,-0.12840007
0.29487492,-0.12955382
0.29314162,-0.13068808
0.2913979,-0.13180595
0.28964424,-0.13290855
0.28788078,-0.13399501
0.28610949,-0.13506931
0.28433113,-0.13613143
0.28254593,-0.13718214
0.28075441,-0.13822167
0.27895668,-0.13925102
0.27715336,-0.14027006
0.27534421,-0.14127905
0.27352959,-0.14227786
0.27170964,-0.14326698
0.26988422,-0.14424618
0.26805359,-0.14521568
0.26621787,-0.14617489
0.26437656,-0.14712391
0.26252991,-0.14806213
0.26067768,-0.14898943
0.25881961,-0.14990543
0.25695645,-0.1508105
0.25508783,-0.1517044
0.25321424,-0.15258762
0.25133606,-0.15346153
0.24945391,-0.15432638
0.24756641,-0.15517968
0.24567644,-0.15602727
0.24378348,-0.15686866
0.2418863,-0.15769998
0.23998689,-0.15852684
0.23808574,-0.15934898
0.23618236,-0.16016652
0.23427698,-0.16097898
0.23236851,-0.16178448
0.23045991,-0.16258924
0.22854858,-0.16338804
0.22663613,-0.16418361
0.22472244,-0.16497657
0.22280689,-0.16576469
0.22089121,-0.16655281
0.21897343,-0.16733547
0.21705539,-0.16811801
0.21513748,-0.16890042
0.21321945,-0.16968283
0.21130054,-0.17046263
0.20938139,-0.17124206
0.20764785,-0.17205824
0.20585595,-0.17309765
0.2040643,-0.17413705
0.20227253,-0.17517633
0.20048076,-0.17621586
0.19868899,-0.17725515
0.19689709,-0.17829455
0.19510545,-0.17933396
0.1933138,-0.18037374
0.1915229,-0.18141439
0.18973175,-0.18245503
0.18794072,-0.18349568
0.18614969,-0.18453633
0.18435867,-0.18557698
0.18256752,-0.18661762
0.18077661,-0.18765827
0.17898546,-0.18869892
0.17719444,-0.18973957
0.17540341,-0.19078022
0.17361251,-0.19182111
0.17182198,-0.19286288
0.17003157,-0.19390452
0.16824117,-0.19494628
0.16645076,-0.19598792
0.16466023,-0.19702957
0.16286982,-0.19807133
0.16107942,-0.19911297
0.15928901,-0.20015461
0.15749848,-0.20119638
0.15570808,-0.20223802
0.15391779,-0.20328003
0.15212801,-0.20432279
0.15033822,-0.20536555
0.14854844,-0.20640831
0.14675865,-0.20745107
0.14496874,-0.20849382
0.14317896,-0.20953658
0.14138905,-0.21057934
0.13959939,-0.21162198
0.13780948,-0.21266486
0.13601969,-0.21370749
0.13422979,-0.21475037
0.13244,-0.21579301
0.13065022,-0.21683589
0.12886043,-0.21787877
0.12707127,-0.21892265
0.12528223,-0.21996653
0.12349306,-0.22101053
0.1217039,-0.2220544
0.11991473,-0.2230984
0.11812569,-0.22414228
0.1163364,-0.22518628
0.11454736,-0.22623015
0.1127582,-0.22727415
0.11096916,-0.22831803
0.10917987,-0.22936203
0.10739083,-0.2304059
0.10560167,-0.2314499
0.1038125,-0.23249378
0.10202383,-0.23353852
0.10023529,-0.23458327
0.09844662,-0.23562814
0.09665808,-0.23667301
0.09486954,-0.23771788
0.09308099,-0.23876275
0.09129232,-0.23980761
0.08950378,-0.24085248
0.08771623,-0.24189909
0.0859288,-0.24294619
0.08414163,-0.24399317
0.0823542,-0.24504028
0.0805669,-0.24608726
0.0787796,-0.24713436
0.07699229,-0.24818134
0.07520512,-0.24922882
0.07342005,-0.25027952
0.07163486,-0.25133035
0.06984979,-0.25238118
0.0680646,-0.25343201
0.06627953,-0.25448271
0.06449496,-0.25553441
0.06271138,-0.25658772
0.06092768,-0.25764103
0.0591441,-0.25869434
0.05736053,-0.25974778
0.05557918,-0.26080407
0.0540315,-0.26218105
0.05248406,-0.26355802
0.05093674,-0.26493525
0.04938992,-0.26631297
0.04784311,-0.26769082
0.04629641,-0.26906854
0.04474959,-0.27044639
0.04320017,-0.27182101
0.04165025,-0.27319538
0.04009846,-0.27456751
0.03854283,-0.27593543
0.03698223,-0.2772975
0.0354189,-0.27865623
0.0338511,-0.28001012
0.0322792,-0.28135891
0.03070283,-0.28270299
0.02912212,-0.2840416
0.02753657,-0.28537451
0.02594592,-0.28670145
0.02434969,-0.28802169
0.02274763,-0.2893346
0.02113935,-0.29064032
0.01952301,-0.29193573
0.0178986,-0.29322108
0.01626586,-0.29449551
0.01462295,-0.29575739
0.0129706,-0.29700649
0.01130845,-0.29824256
0.00963512,-0.29946348
0.00795161,-0.30067049
0.0062573,-0.30186211
0.00455268,-0.30303895
0.00283763,-0.30420052
0.00111278,-0.30534769
-0.00062238,-0.30647897
-0.00236672,-0.3075961
-0.00412237,-0.30869547
-0.00588757,-0.30977945
-0.00766407,-0.31084455
-0.00945125,-0.31189178
-0.01125096,-0.31291716
-0.01306272,-0.31392155
-0.01488839,-0.31489988
-0.01672759,-0.3158525
-0.01858057,-0.31677831
-0.0204472,-0.3176763
-0.02232725,-0.31854587
-0.0242202,-0.319387
-0.02612595,-0.32019896
-0.02804286,-0.32098336
-0.02997071,-0.32174094
-0.03190947,-0.32247046
-0.03385917,-0.32316993
-0.03582041,-0.32383639
-0.03779319,-0.3244682
-0.03977715,-0.32506326
-0.04177229,-0.32562046
-0.04377785,-0.32613793
-0.04579347,-0.3266153
-0.04781852,-0.32705058
-0.0498519,-0.3274465
-0.05189173,-0.32780555
-0.05393776,-0.32812971
-0.05598876,-0.32841874
-0.05804448,-0.32867387
-0.06010405,-0.32889449
-0.06216735,-0.32907774
-0.06423362,-0.32922151
-0.06630275,-0.32931934
-0.06837349,-0.32936652
-0.07044498,-0.32936366
-0.07251572,-0.32931524
-0.07458547,-0.32923094
-0.07665435,-0.32912864
-0.07706604,-0.32909438
-0.0791302,-0.32892168
-0.08119449,-0.32874886
-0.08325778,-0.32856598
-0.08532008,-0.32837156
-0.08738077,-0.32816112
-0.08943947,-0.32793243
-0.09149606,-0.32768413
-0.09354979,-0.32741484
-0.09560117,-0.3271273
-0.09764944,-0.32681878
-0.09969498,-0.32649214
-0.10173766,-0.32614848
-0.10377712,-0.32578658
-0.10581397,-0.32540965
-0.10784821,-0.32501857
-0.1098796,-0.32461346
-0.11190788,-0.3241932
-0.11393343,-0.32375941
-0.115956,-0.32331234
-0.11797572,-0.32285223
-0.11999196,-0.32237747
-0.12200472,-0.32188831
-0.12401401,-0.32138487
-0.1260192,-0.32086529
-0.12801942,-0.32032671
-0.1300148,-0.31977076
-0.13200472,-0.31919568
-0.13398856,-0.31859963
-0.13596668,-0.31798482
-0.1379386,-0.31735077
-0.13990369,-0.31669562
-0.14186269,-0.31602271
-0.14381574,-0.31533267
-0.14576283,-0.31462587
-0.14770395,-0.31390268
-0.14963924,-0.31316435
-0.15156895,-0.31241148
-0.15349344,-0.31164521
-0.15541247,-0.31086541
-0.15732628,-0.31007282
-0.15923463,-0.30926732
-0.16113765,-0.30844903
-0.16303495,-0.3076177
-0.16492666,-0.30677383
-0.16681279,-0.30591743
-0.16869283,-0.30504811
-0.17056654,-0.30416477
-0.17243393,-0.30326838
-0.17429485,-0.30235847
-0.17614857,-0.30143415
-0.17799448,-0.30049432
-0.17983256,-0.29953921
-0.18166244,-0.29856834
-0.18348376,-0.29758182
-0.18529639,-0.29657916
-0.18709971,-0.29555999
-0.18889409,-0.29452505
-0.19067916,-0.29347423
-0.19245491,-0.29240763
-0.19422111,-0.29132552
-0.19597787,-0.29022801
-0.19772494,-0.2891151
-0.19946246,-0.28798742
-0.20119017,-0.28684485
-0.20290844,-0.28568787
-0.20461691,-0.28451649
-0.20631557,-0.2833312
-0.20800491,-0.28213238
-0.20968482,-0.28092053
-0.21135542,-0.27969589
-0.21301671,-0.27845858
-0.21466856,-0.27720861
-0.21631085,-0.27594623
-0.21794346,-0.27467143
-0.21956626,-0.27338409
-0.22117937,-0.27208458
-0.22278243,-0.27077278
-0.22437556,-0.2694487
-0.22595826,-0.26811244
-0.22752966,-0.2667629
-0.22909262,-0.26540343
-0.2306439,-0.2640308
-0.23218414,-0.26264575
-0.23371346,-0.26124853
-0.23523023,-0.25983791
-0.23673682,-0.25841636
-0.23823224,-0.2569829
-0.23971636,-0.25553801
-0.24118968,-0.25408182
-0.24265208,-0.25261483
-0.24410367,-0.25113717
-0.24554459,-0.24964907
-0.24697495,-0.2481508
-0.24839463,-0.24664247
-0.24980451,-0.24512483
-0.25120471,-0.24359837
-0.25259534,-0.24206322
-0.25397691,-0.24051988
-0.25534954,-0.23896847
-0.25671349,-0.23740948
-0.25806886,-0.23584305
-0.25941579,-0.23426941
-0.26075379,-0.23268808
-0.26208309,-0.23109942
-0.26340395,-0.22950381
-0.26471662,-0.22790137
-0.26602072,-0.22629198
-0.2673165,-0.22467589
-0.26860371,-0.22305309
-0.26988149,-0.22142259
-0.27115046,-0.21978551
-0.27241085,-0.21814161
-0.27366256,-0.21649112
-0.27490533,-0.21483393
-0.27613779,-0.21316904
-0.2773602,-0.21149671
-0.27857255,-0.20981717
-0.27977447,-0.20813018
-0.28096435,-0.2064345
-0.28214306,-0.20473125
-0.28331072,-0.20302031
-0.28446757,-0.20130203
-0.28561238,-0.19957569
-0.28674577,-0.1978419
-0.28786848,-0.19610115
-0.28898064,-0.1943537
-0.29008238,-0.19259955
-0.29117417,-0.19083919
-0.29225629,-0.18907287
-0.29332884,-0.18730071
-0.29439209,-0.18552297
-0.29544577,-0.18373977
-0.29649039,-0.18195097
-0.29752583,-0.18015684
-0.29855195,-0.1783575
-0.29956876,-0.17655281
-0.30057626,-0.17474292
-0.30157395,-0.17292756
-0.30256208,-0.17110698
-0.30353978,-0.16928094
-0.30450718,-0.16744932
-0.30546365,-0.16561186
-0.3064092,-0.16376881
-0.3073432,-0.16191993
-0.30826565,-0.16006521
-0.30917582,-0.15820454
-0.31007431,-0.15633815
-0.31096113,-0.15446618
-0.31183641,-0.15258874
-0.31270014,-0.15070596
-0.31355232,-0.14881797
-0.31439308,-0.14692489
-0.31522267,-0.14502685
-0.31604109,-0.14312396
-0.31684771,-0.14121611
-0.31764303,-0.13930341
-0.3184278,-0.13738649
-0.31920201,-0.13546523
-0.31996593,-0.13353987
-0.32071916,-0.13161016
-0.32146048,-0.12967599
-0.32219136,-0.12773784
-0.32291157,-0.1257956
-0.32362098,-0.12384938
-0.3243186,-0.12189894
-0.32500479,-0.11994465
-0.32568005,-0.11798627
-0.32634439,-0.11602428
-0.3269962,-0.11405808
-0.32763633,-0.11208815
-0.32826541,-0.11011449
-0.3288822,-0.10813699
-0.32948732,-0.10615601
-0.33008164,-0.10417168
-0.33066329,-0.10218362
-0.3312339,-0.10019233
-0.33179321,-0.09819782
-0.33234047,-0.09620008
-0.33287718,-0.09419936
-0.33340136,-0.09219529
-0.33391498,-0.09018861
-0.33441643,-0.08817882
-0.33490708,-0.08616631
-0.3353847,-0.08415081
-0.33585126,-0.08213259
-0.33630516,-0.08011151
-0.33674715,-0.07808782
-0.33717771,-0.07606165
-0.33759499,-0.07403274
-0.33800146,-0.07200148
-0.33839614,-0.06996811
-0.33877891,-0.06793238
-0.33915087,-0.06589466
-0.33951041,-0.06385458
-0.33985854,-0.06181264
-0.3401945,-0.05976859
-0.34051841,-0.05772268
-0.34083053,-0.05567491
-0.34112961,-0.05362527
-0.3414179,-0.05157389
-0.34169265,-0.04952091
-0.34195684,-0.04746643
-0.34220788,-0.04541021
-0.34244787,-0.04335275
-0.34267606,-0.04129393
-0.34289159,-0.03923374
-0.34309619,-0.03717243
-0.34328838,-0.03511001
-0.34346853,-0.03304646
-0.3436375,-0.03098193
-0.34379381,-0.0289164
-0.34393782,-0.02685
-0.34407054,-0.02478286
-0.34419085,-0.02271485
-0.34429861,-0.02064634
-0.34439446,-0.01857709
-0.34447851,-0.01650734
-0.34455089,-0.01443722
-0.34461023,-0.01236672
-0.34465741,-0.01029586
-0.34469304,-0.00822474
-0.34471676,-0.0061535
-0.3447288,-0.00408202
-0.3447283,-0.00201065
-0.34471552,6.071e-05
-0.34469069,0.00213195
-0.34465406,0.00420306
-0.34460589,0.00627393
-0.34454567,0.00834443
-0.34447342,0.01041455
-0.34438937,0.0124843
-0.34429315,0.01455343
-0.34418414,0.01662206
-0.34406309,0.01868995
-0.34393,0.02075696
-0.34378487,0.02282336
-0.34362757,0.02488876
-0.3434581,0.02695318
-0.34327646,0.02901672
-0.34308278,0.03107902
-0.34287681,0.0331402
-0.34265855,0.03520002
-0.34242813,0.03725859
-0.34218578,0.0393158
-0.34193127,0.04137152
-0.34166496,0.04342575
-0.34138673,0.04547837
-0.34109671,0.04752937
-0.34079502,0.04957864
-0.34048178,0.05162629
-0.340157,0.05367195
-0.33982055,0.05571588
-0.33947267,0.05775794
-0.33911337,0.05979789
-0.33874278,0.06183586
-0.33836064,0.06387171
-0.3379672,0.06590546
-0.33756246,0.06793697
-0.33714568,0.069966
-0.33671723,0.07199267
-0.33627711,0.07401673
-0.33582531,0.0760383
-0.33536185,0.07805715
-0.33488635,0.08007327
-0.3343988,0.08208653
-0.33389933,0.08409668
-0.3333877,0.08610398
-0.33286353,0.08810793
-0.3323257,0.09010828
-0.33177657,0.09210565
-0.33121478,0.09409929
-0.33064045,0.09608971
-0.33005321,0.09807603
-0.32945392,0.10005887
-0.32884259,0.10203799
-0.32821836,0.10401326
-0.3275822,0.10598443
-0.32693449,0.10795212
-0.32627474,0.1099156
-0.3256037,0.11187535
-0.32492235,0.1138315
-0.32422908,0.11578355
-0.32352613,0.11773188
-0.32281349,0.11967686
-0.32209142,0.12161836
-0.3213583,0.12355576
-0.32061413,0.12548882
-0.31986077,0.1274184
-0.3190981,0.12934438
-0.31832599,0.13126651
-0.31754358,0.13318442
-0.3167495,0.13509774
-0.31594599,0.13700671
-0.31513229,0.13891171
-0.31430841,0.14081211
-0.31347398,0.14270817
-0.31262776,0.14459865
-0.31176999,0.14648403
-0.31090017,0.1483642
-0.31001856,0.15023853
-0.30912479,0.15210715
-0.30821848,0.15396981
-0.30729999,0.15582639
-0.3063691,0.15767689
-0.30542616,0.1595213
-0.30447105,0.16135926
-0.30350403,0.16319125
-0.30252533,0.1650168
-0.30153546,0.16683638
-0.30053467,0.16865
-0.29952332,0.17045779
-0.29850204,0.17225986
-0.29747095,0.1740566
-0.29643043,0.1758475
-0.29538009,0.17763307
-0.29432045,0.17941267
-0.293251,0.18118681
-0.29217224,0.18295512
-0.29108391,0.18471759
-0.28998566,0.18647386
-0.2888776,0.18822404
-0.2877596,0.18996788
-0.28663217,0.19170553
-0.28549493,0.19343684
-0.28434789,0.19516169
-0.28319091,0.19687984
-0.282024,0.19859128
-0.28084703,0.2002959
-0.27965988,0.20199331
-0.27846255,0.20368365
-0.27725504,0.20536667
-0.2760376,0.2070426
-0.27481035,0.20871122
-0.27357305,0.21037263
-0.27232494,0.21202572
-0.27106703,0.21367149
-0.26979955,0.21530968
-0.26852252,0.21694068
-0.26723592,0.2185641
-0.26593989,0.22018007
-0.2646348,0.22178859
-0.26332039,0.22338954
-0.26199693,0.22498291
-0.26066452,0.22656909
-0.25932231,0.2281467
-0.25797103,0.22971673
-0.25661106,0.23127907
-0.2552424,0.23283396
-0.25386517,0.23438115
-0.25247901,0.23592052
-0.25108415,0.23745182
-0.24967962,0.23897443
-0.2482649,0.24048735
-0.24684086,0.24199171
-0.24540901,0.24348849
-0.24396598,0.2449746
-0.2425134,0.24645127
-0.24105125,0.24791863
-0.2395788,0.24937544
-0.23809605,0.25082182
-0.23660348,0.25225827
-0.23510074,0.25368391
-0.23358719,0.25509814
-0.23206359,0.25650143
-0.23052956,0.25789331
-0.22898436,0.25927264
-0.2274286,0.26064056
-0.22586241,0.26199593
-0.22428456,0.26333827
-0.22269664,0.26466832
-0.22109694,0.26598434
-0.21948655,0.26728707
-0.21786537,0.26857665
-0.21623276,0.26985132
-0.2145896,0.27111271
-0.21293526,0.27235933
-0.21127025,0.27359142
-0.20959469,0.27480924
-0.20790782,0.27601153
-0.20621128,0.27719992
-0.20450343,0.27837229
-0.20278603,0.27953002
-0.20105807,0.28067259
-0.19932018,0.28179965
-0.19757261,0.28291194
-0.19581535,0.28400845
-0.19404903,0.28509069
-0.1922739,0.28615816
-0.19049044,0.28721197
-0.18869917,0.28825199
-0.1869002,0.28927873
-0.1850939,0.29029269
-0.18328028,0.29129361
-0.18146007,0.29228236
-0.17963292,0.29325783
-0.17779931,0.29422175
-0.17595899,0.29517239
-0.17411259,0.29611135
-0.17225974,0.29703741
-0.1704008,0.2979513
-0.16853553,0.29885202
-0.16666393,0.29973996
-0.16478649,0.30061499
-0.16290223,0.30147549
-0.16101213,0.30232271
-0.15911507,0.30315466
-0.15721144,0.30397146
-0.15530098,0.304772
-0.15338357,0.3055554
-0.15145858,0.30632093
-0.14952664,0.3070677
-0.14758737,0.30779574
-0.14564103,0.30850465
-0.14368712,0.30919258
-0.14172724,0.30986275
-0.13976079,0.31051418
-0.13778862,0.31114724
-0.13581062,0.31176254
-0.13382716,0.31235934
-0.13183885,0.31294037
-0.12984633,0.31350639
-0.12784983,0.31405849
-0.1258496,0.31459682
-0.1238459,0.31512161
-0.12183848,0.31563287
-0.11982783,0.31613035
-0.11781357,0.31661405
-0.11579622,0.31708372
-0.11377538,0.31753899
-0.11175145,0.31797973
-0.10972403,0.31840508
-0.10769364,0.31881466
-0.10565965,0.31920661
-0.1036223,0.31958068
-0.10158173,0.319937
-0.09953768,0.32027221
-0.09749065,0.32059029
-0.09544138,0.32089161
-0.09338914,0.32117331
-0.09133503,0.32143887
-0.08927844,0.3216873
-0.08722012,0.32191959
-0.0851603,0.32213835
-0.08309912,0.32234407
-0.08103682,0.32253899
-0.07897414,0.32272894
-0.07691097,0.32291319
